<?xml version="1.0" encoding="UTF-8"?><application id="Application_ID" version="6.0" xmlns="http://java.sun.com/xml/ns/javaee" xmlns:xsi="http://www.w3.org/2001/XMLSchema-instance" xsi:schemaLocation="http://java.sun.com/xml/ns/javaee http://java.sun.com/xml/ns/javaee/application_6.xsd">
    <display-name>calipacampanhas_war</display-name>
    <module>
        <web>
            <web-uri>calipacampanhas.war</web-uri>
            <context-root>/calipacampanhas</context-root>
        </web>
    </module>
</application>