<?xml version="1.0" encoding="UTF-8"?>
<ibm-metadata>
  <annotated-classes name="org.apache.struts.taglib.logic.GreaterEqualTag"/>
  <annotated-classes name="org.apache.struts.taglib.html.RewriteTag"/>
  <annotated-classes name="org.apache.struts.taglib.nested.logic.NestedNotEqualTag"/>
  <annotated-classes name="org.apache.struts.taglib.html.FileTag"/>
  <annotated-classes name="org.apache.struts.taglib.html.PasswordTag"/>
  <annotated-classes name="org.apache.struts.taglib.html.JavascriptValidatorTag"/>
  <annotated-classes name="org.apache.struts.taglib.html.TextareaTag"/>
  <annotated-classes name="org.apache.struts.taglib.nested.NestedWriteNestingTag"/>
  <annotated-classes name="org.apache.struts.taglib.nested.html.NestedImageTag"/>
  <annotated-classes name="org.apache.struts.taglib.html.ImageTag"/>
  <annotated-classes name="org.apache.struts.taglib.bean.PageTag"/>
  <annotated-classes name="br.com.bradesco.custodia.portal.campanhas.apresentacao.CharEncodeFilter"/>
  <annotated-classes name="org.apache.struts.taglib.tiles.GetAttributeTag"/>
  <annotated-classes name="org.apache.struts.taglib.logic.NotEmptyTag"/>
  <annotated-classes name="org.apache.struts.taglib.tiles.PutListTag"/>
  <annotated-classes name="org.apache.struts.taglib.bean.CookieTag"/>
  <annotated-classes name="org.apache.struts.taglib.tiles.InsertTag"/>
  <annotated-classes name="org.apache.struts.taglib.logic.EmptyTag"/>
  <annotated-classes name="org.apache.struts.action.ActionServlet"/>
  <annotated-classes name="org.apache.struts.taglib.html.SubmitTag"/>
  <annotated-classes name="org.apache.struts.taglib.nested.bean.NestedSizeTag"/>
  <annotated-classes name="org.apache.struts.taglib.nested.logic.NestedLessEqualTag"/>
  <annotated-classes name="org.apache.struts.taglib.nested.logic.NestedGreaterEqualTag"/>
  <annotated-classes name="org.apache.struts.taglib.logic.ForwardTag"/>
  <annotated-classes name="org.apache.struts.taglib.nested.bean.NestedDefineTag"/>
  <annotated-classes name="org.apache.struts.taglib.bean.ResourceTag"/>
  <annotated-classes name="org.apache.struts.taglib.nested.html.NestedTextTag"/>
  <annotated-classes name="org.apache.struts.taglib.nested.html.NestedMessagesTag"/>
  <annotated-classes name="org.apache.struts.taglib.nested.bean.NestedMessageTag"/>
  <annotated-classes name="org.apache.struts.taglib.logic.RedirectTag"/>
  <annotated-classes name="org.apache.struts.taglib.tiles.InitDefinitionsTag"/>
  <annotated-classes name="org.apache.struts.taglib.bean.IncludeTag"/>
  <annotated-classes name="org.apache.struts.taglib.nested.logic.NestedMatchTag"/>
  <annotated-classes name="org.apache.struts.taglib.nested.html.NestedFormTag"/>
  <annotated-classes name="org.apache.struts.taglib.bean.StrutsTag"/>
  <annotated-classes name="util.applet.RecuperaApplet"/>
  <annotated-classes name="org.apache.struts.taglib.html.XhtmlTag"/>
  <annotated-classes name="org.apache.struts.taglib.nested.html.NestedSelectTag"/>
  <annotated-classes name="org.apache.struts.taglib.nested.html.NestedLinkTag"/>
  <annotated-classes name="org.apache.struts.taglib.nested.logic.NestedNotEmptyTag"/>
  <annotated-classes name="org.apache.struts.taglib.html.MultiboxTag"/>
  <annotated-classes name="br.com.bradesco.custodia.portal.campanhas.taglib.EstaticPathTag"/>
  <annotated-classes name="org.apache.struts.taglib.html.HiddenTag"/>
  <annotated-classes name="org.apache.struts.taglib.bean.HeaderTag"/>
  <annotated-classes name="org.apache.struts.taglib.logic.IterateTag"/>
  <annotated-classes name="org.apache.struts.taglib.nested.logic.NestedNotPresentTag"/>
  <annotated-classes name="org.apache.struts.taglib.nested.html.NestedCheckboxTag"/>
  <annotated-classes name="org.apache.struts.taglib.nested.bean.NestedWriteTag"/>
  <annotated-classes name="br.com.bradesco.custodia.portal.campanhas.taglib.LinkTag"/>
  <annotated-classes name="org.apache.struts.taglib.bean.SizeTag"/>
  <annotated-classes name="org.apache.struts.taglib.bean.DefineTag"/>
  <annotated-classes name="org.apache.struts.taglib.nested.html.NestedOptionsCollectionTag"/>
  <annotated-classes name="org.apache.struts.taglib.nested.html.NestedRadioTag"/>
  <annotated-classes name="org.apache.struts.taglib.nested.logic.NestedIterateTag"/>
  <annotated-classes name="org.apache.struts.taglib.template.PutTag"/>
  <annotated-classes name="org.apache.struts.taglib.html.OptionsCollectionTag"/>
  <annotated-classes name="org.apache.struts.taglib.html.RadioTag"/>
  <annotated-classes name="org.apache.struts.taglib.nested.logic.NestedMessagesNotPresentTag"/>
  <annotated-classes name="org.apache.struts.taglib.nested.logic.NestedEqualTag"/>
  <annotated-classes name="org.apache.struts.taglib.nested.NestedRootTag"/>
  <annotated-classes name="org.apache.struts.taglib.html.HtmlTag"/>
  <annotated-classes name="org.apache.struts.taglib.logic.GreaterThanTag"/>
  <annotated-classes name="org.apache.struts.taglib.logic.PresentTag"/>
  <annotated-classes name="org.apache.struts.taglib.nested.html.NestedErrorsTag"/>
  <annotated-classes name="org.apache.struts.taglib.logic.LessThanTag"/>
  <annotated-classes name="org.apache.struts.taglib.bean.MessageTag"/>
  <annotated-classes name="org.apache.struts.taglib.logic.CompareTagBase"/>
  <annotated-classes name="org.apache.struts.taglib.html.BaseFieldTag"/>
  <annotated-classes name="org.apache.struts.taglib.html.CancelTag"/>
  <annotated-classes name="org.apache.struts.taglib.nested.html.NestedFileTag"/>
  <annotated-classes name="org.apache.struts.taglib.nested.html.NestedPasswordTag"/>
  <annotated-classes name="org.apache.struts.taglib.nested.logic.NestedPresentTag"/>
  <annotated-classes name="org.apache.struts.taglib.nested.html.NestedTextareaTag"/>
  <annotated-classes name="org.apache.struts.taglib.nested.logic.NestedGreaterThanTag"/>
  <annotated-classes name="org.apache.struts.taglib.html.BaseTag"/>
  <annotated-classes name="org.apache.struts.taglib.logic.LessEqualTag"/>
  <annotated-classes name="org.apache.struts.taglib.html.ResetTag"/>
  <annotated-classes name="org.apache.struts.taglib.bean.ParameterTag"/>
  <annotated-classes name="org.apache.struts.taglib.tiles.PutTag"/>
  <annotated-classes name="org.apache.struts.taglib.nested.NestedPropertyTag"/>
  <annotated-classes name="org.apache.struts.taglib.logic.NotMatchTag"/>
  <annotated-classes name="org.apache.struts.taglib.bean.WriteTag"/>
  <annotated-classes name="org.apache.struts.taglib.nested.html.NestedOptionsTag"/>
  <annotated-classes name="org.apache.struts.taglib.nested.logic.NestedLessThanTag"/>
  <annotated-classes name="org.apache.struts.taglib.html.OptionTag"/>
  <annotated-classes name="org.apache.struts.taglib.html.OptionsTag"/>
  <annotated-classes name="org.apache.struts.taglib.nested.html.NestedSubmitTag"/>
  <annotated-classes name="org.apache.struts.taglib.logic.MatchTag"/>
  <annotated-classes name="org.apache.struts.taglib.logic.NotPresentTag"/>
  <annotated-classes name="org.apache.struts.taglib.html.BaseHandlerTag"/>
  <annotated-classes name="org.apache.struts.taglib.html.BaseInputTag"/>
  <annotated-classes name="org.apache.struts.taglib.html.TextTag"/>
  <annotated-classes name="org.apache.struts.taglib.html.MessagesTag"/>
  <annotated-classes name="org.apache.struts.taglib.tiles.ImportAttributeTag"/>
  <annotated-classes name="org.apache.struts.taglib.nested.logic.NestedEmptyTag"/>
  <annotated-classes name="org.apache.struts.taglib.html.FormTag"/>
  <annotated-classes name="org.apache.struts.taglib.html.FrameTag"/>
  <annotated-classes name="org.apache.struts.taglib.logic.ConditionalTagBase"/>
  <annotated-classes name="org.apache.struts.taglib.logic.MessagesNotPresentTag"/>
  <annotated-classes name="org.apache.struts.taglib.html.SelectTag"/>
  <annotated-classes name="br.com.bradesco.custodia.portal.campanhas.taglib.CryptAppletTag"/>
  <annotated-classes name="org.apache.struts.taglib.template.GetTag"/>
  <annotated-classes name="org.apache.struts.taglib.html.LinkTag"/>
  <annotated-classes name="org.apache.struts.taglib.tiles.UseAttributeTag"/>
  <annotated-classes name="org.apache.struts.taglib.tiles.AddTag"/>
  <annotated-classes name="org.apache.struts.taglib.tiles.DefinitionTag"/>
  <annotated-classes name="org.apache.struts.taglib.html.ButtonTag"/>
  <annotated-classes name="org.apache.struts.taglib.nested.html.NestedMultiboxTag"/>
  <annotated-classes name="org.apache.struts.taglib.nested.logic.NestedNotMatchTag"/>
  <annotated-classes name="org.apache.struts.taglib.logic.NotEqualTag"/>
  <annotated-classes name="org.apache.struts.taglib.tiles.DefinitionTagSupport"/>
  <annotated-classes name="org.apache.struts.taglib.nested.html.NestedHiddenTag"/>
  <annotated-classes name="org.apache.struts.taglib.html.CheckboxTag"/>
  <annotated-classes name="org.apache.struts.taglib.logic.EqualTag"/>
  <annotated-classes name="org.apache.struts.taglib.nested.html.NestedImgTag"/>
  <annotated-classes name="org.apache.struts.taglib.logic.MessagesPresentTag"/>
  <annotated-classes name="org.apache.struts.taglib.html.ImgTag"/>
  <annotated-classes name="org.apache.struts.taglib.html.ErrorsTag"/>
  <annotated-classes name="org.apache.struts.taglib.tiles.GetTag"/>
  <annotated-classes name="org.apache.struts.taglib.template.InsertTag"/>
  <annotated-classes name="org.apache.struts.taglib.nested.logic.NestedMessagesPresentTag"/>
</ibm-metadata>
